Distance [mm],Bx,By
0,-0.012723219,-0.069997238
0.1,-0.014907944,-0.069993002
0.2,-0.017095706,-0.069999081
0.3,-0.019286596,-0.070015787
0.4,-0.021426592,-0.069994684
0.5,-0.023262048,-0.06974734
0.6,-0.025097505,-0.069499996
0.7,-0.026932961,-0.069252652
0.8,-0.028874096,-0.069060343
0.9,-0.031036677,-0.06898336
1,-0.033199258,-0.068906376
1.1,-0.035380831,-0.068493623
1.2,-0.037575245,-0.067853819
1.3,-0.039832702,-0.06736755
1.4,-0.042199042,-0.067146462
1.5,-0.044565127,-0.066924042
1.6,-0.046880092,-0.066434496
1.7,-0.049195057,-0.06594495
1.8,-0.051510022,-0.065455404
1.9,-0.053824987,-0.064965857
2,-0.056139952,-0.064476311
2.1,-0.058120589,-0.063782123
2.2,-0.059993266,-0.063016201
2.3,-0.061865943,-0.06225028
2.4,-0.063738619,-0.061484359
2.5,-0.065689378,-0.060803075
2.6,-0.067760647,-0.06025242
2.7,-0.069816081,-0.059690789
2.8,-0.071730607,-0.059031484
2.9,-0.073342184,-0.058229115
3,-0.074839145,-0.057372619
3.1,-0.076336106,-0.056516123
3.2,-0.077953861,-0.055456842
3.3,-0.07960574,-0.054340275
3.4,-0.081257619,-0.053223708
3.5,-0.082837373,-0.051943546
3.6,-0.084305625,-0.050671689
3.7,-0.085740774,-0.049443769
3.8,-0.087233591,-0.048092101
3.9,-0.088689746,-0.046784918
4,-0.089975851,-0.045698899
4.1,-0.091261955,-0.04461288
4.2,-0.092607931,-0.043503871
4.3,-0.09396341,-0.042391211
4.4,-0.09484629,-0.04082033
4.5,-0.095845394,-0.039564552
4.6,-0.096853882,-0.038333
4.7,-0.097862371,-0.037101448
4.8,-0.098887788,-0.035696358
4.9,-0.099913205,-0.034291266
5,-0.100987359,-0.032974438
5.1,-0.102098313,-0.031724259
5.2,-0.102903842,-0.030416624
5.3,-0.103156049,-0.029004898
5.4,-0.103408257,-0.027593172
5.5,-0.103822316,-0.026395043
5.6,-0.104300122,-0.025281039
5.7,-0.104777927,-0.024167034
5.8,-0.1055783,-0.023234111
5.9,-0.106134655,-0.022054176
6,-0.106664691,-0.020847711
6.1,-0.107194727,-0.019641246
6.2,-0.107485349,-0.018533238
6.3,-0.107455869,-0.017556868
6.4,-0.107440658,-0.016576847
6.5,-0.107638134,-0.01554241
6.6,-0.107835611,-0.014507974
6.7,-0.108088589,-0.013482398
6.8,-0.1085004,-0.01248218
6.9,-0.10891221,-0.011481962
7,-0.109146762,-0.010386689
7.1,-0.109068865,-0.009123862
7.2,-0.108990968,-0.007861034
7.3,-0.108779438,-0.00686851
7.4,-0.108510461,-0.005992186
7.5,-0.108242766,-0.005097674
7.6,-0.107980751,-0.004122554
7.7,-0.107718737,-0.003147434
7.8,-0.107511752,-0.002292384
7.9,-0.107335301,-0.001503959
8,-0.107133513,-0.000701106
8.1,-0.106817921,0.000166557
8.2,-0.106489418,0.001006421
8.3,-0.106114023,0.001745329
8.4,-0.105738628,0.002484237
8.5,-0.105363232,0.003223145
8.6,-0.104987837,0.003962053
8.7,-0.104593699,0.004692538
8.8,-0.104081957,0.005432805
8.9,-0.103450045,0.006127967
9,-0.102826982,0.006811041
9.1,-0.102203919,0.007494114
9.2,-0.101580856,0.008177188
9.3,-0.100958703,0.008732892
9.4,-0.100398727,0.009185533
9.5,-0.09997629,0.009653969
9.6,-0.099553854,0.010122405
9.7,-0.099131417,0.010590841
9.8,-0.098585629,0.010958546
9.9,-0.098031571,0.011319496
10,-0.097477512,0.011680446
10.1,-0.096923454,0.012041396
10.2,-0.096179256,0.012462762
10.3,-0.09547692,0.013022849
10.4,-0.09479303,0.013634203
10.5,-0.094099929,0.014217544
10.6,-0.093286903,0.014436186
10.7,-0.092473877,0.014654827
10.8,-0.091873096,0.014951167
10.9,-0.091305309,0.015259699
11,-0.090562405,0.015535462
11.1,-0.089819501,0.015811226
11.2,-0.089076597,0.01608699
11.3,-0.088368123,0.01628733
11.4,-0.087667296,0.016470913
11.5,-0.086979498,0.016672405
11.6,-0.086357891,0.016964887
11.7,-0.085736285,0.01725737
11.8,-0.085114678,0.017549852
11.9,-0.084480436,0.01771841
12,-0.083843661,0.01786212
12.1,-0.083206886,0.01800583
12.2,-0.082570111,0.01814954
12.3,-0.081874009,0.018263477
12.4,-0.081066189,0.018324069
12.5,-0.080293835,0.018409188
12.6,-0.079564969,0.018484258
12.7,-0.078836103,0.018559329
12.8,-0.078136905,0.018584201
12.9,-0.07746697,0.018595245
13,-0.076829527,0.018630367
13.1,-0.076192084,0.018665489
13.2,-0.075584558,0.018713218
13.3,-0.075006077,0.018773185
13.4,-0.074397169,0.018830254
13.5,-0.073775821,0.018886138
13.6,-0.073154473,0.018942021
13.7,-0.072505251,0.018932572
13.8,-0.071810373,0.018816106
13.9,-0.071115494,0.01869964
14,-0.070419459,0.018593844
14.1,-0.069718886,0.018529918
14.2,-0.069018312,0.018465993
14.3,-0.068336785,0.018423856
14.4,-0.067770671,0.018513751
14.5,-0.067162026,0.01857583
14.6,-0.066477914,0.018588549
14.7,-0.065793801,0.018601268
14.8,-0.065109689,0.018613987
14.9,-0.064425577,0.018626706
15,-0.063859772,0.018576888
15.1,-0.063324957,0.018555256
15.2,-0.062789408,0.018532399
15.3,-0.06225386,0.018509543
15.4,-0.061718311,0.018486687
15.5,-0.061182763,0.01846383
15.6,-0.060540634,0.018390103
15.7,-0.059898255,0.018305189
15.8,-0.059322119,0.018182049
15.9,-0.058745983,0.018058908
16,-0.058169847,0.017935767
16.1,-0.057684883,0.01785672
16.2,-0.05720738,0.017781282
16.3,-0.056729877,0.017705843
16.4,-0.056252375,0.017630404
16.5,-0.055776193,0.017570029
16.6,-0.055193216,0.017474229
16.7,-0.054600675,0.017376351
16.8,-0.054008134,0.017278473
16.9,-0.053426808,0.017179076
17,-0.052898668,0.017072478
17.1,-0.052347376,0.016937524
17.2,-0.051794637,0.016800799
17.3,-0.051241898,0.016664073
17.4,-0.050730273,0.016575746
17.5,-0.050278712,0.016553072
17.6,-0.049845081,0.01649026
17.7,-0.04941145,0.016427449
17.8,-0.048977819,0.016364637
17.9,-0.048503407,0.016230833
18,-0.048005748,0.01605656
18.1,-0.047508088,0.015882286
18.2,-0.047002009,0.015761168
18.3,-0.046492592,0.015661112
18.4,-0.046057709,0.015563208
18.5,-0.045630936,0.015465537
18.6,-0.045204162,0.015367867
18.7,-0.044777389,0.015270197
18.8,-0.044350616,0.015172527
18.9,-0.043926365,0.015089806
19,-0.043478442,0.014993294
19.1,-0.043022203,0.014895249
19.2,-0.042565963,0.014797203
19.3,-0.042109723,0.014699157
19.4,-0.041653483,0.014601111
19.5,-0.041203306,0.014502468
19.6,-0.040806364,0.014387385
19.7,-0.040405639,0.01427748
19.8,-0.040004913,0.014167576
19.9,-0.039604187,0.014057671
20,-0.039203461,0.013947767
20.1,-0.038799674,0.013824368
20.2,-0.038394752,0.013695959
20.3,-0.03798983,0.013567551
20.4,-0.037584908,0.013439142
20.5,-0.037167455,0.013336485
20.6,-0.036819171,0.013249464
20.7,-0.036491133,0.013165819
20.8,-0.036161894,0.013083964
20.9,-0.035821821,0.013018254
21,-0.035481748,0.012952545
21.1,-0.035141675,0.012886835
21.2,-0.03479248,0.012761976
21.3,-0.034429125,0.012562478
21.4,-0.034014549,0.012440116
21.5,-0.033599973,0.012317754
21.6,-0.033185397,0.012195392
21.7,-0.032873545,0.012119919
21.8,-0.03258036,0.012052967
21.9,-0.032287175,0.011986015
22,-0.031995615,0.011905447
22.1,-0.031708849,0.011784681
22.2,-0.031420298,0.011712254
22.3,-0.031111988,0.011648105
22.4,-0.030755782,0.011478553
22.5,-0.030399576,0.011309001
22.6,-0.030043022,0.011143028
22.7,-0.029679676,0.011047025
22.8,-0.02931633,0.010951022
22.9,-0.028977843,0.010865808
23,-0.028668767,0.010793358
23.1,-0.028359692,0.010720909
23.2,-0.028054274,0.010650025
23.3,-0.027801669,0.010574569
23.4,-0.027540278,0.010480304
23.5,-0.027278886,0.010386039
23.6,-0.027017495,0.010291774
23.7,-0.026750187,0.010190381
23.8,-0.026446627,0.010045305
23.9,-0.026143066,0.00990023
24,-0.025863929,0.009780248
24.1,-0.025588832,0.009664417
24.2,-0.025318046,0.009611348
24.3,-0.025047336,0.009559366
24.4,-0.024773004,0.009470352
24.5,-0.024497206,0.009366327
24.6,-0.024225697,0.009255784
24.7,-0.023959227,0.009137587
24.8,-0.023717028,0.009059767
24.9,-0.023503255,0.009029237
25,-0.023289482,0.008998708
25.1,-0.02307571,0.008968179
25.2,-0.022849071,0.00892505
25.3,-0.022614383,0.008836953
25.4,-0.022378669,0.008740396
25.5,-0.02214852,0.008641293
25.6,-0.021919543,0.008541654
25.7,-0.021690566,0.008442014
25.8,-0.021431094,0.00835653
25.9,-0.021238942,0.008290876
26,-0.021044301,0.008224579
26.1,-0.020826212,0.008152228
26.2,-0.020608123,0.008079877
26.3,-0.020396278,0.007978559
26.4,-0.020170228,0.007901208
26.5,-0.019939361,0.007832558
26.6,-0.019708493,0.007763909
26.7,-0.019478204,0.007690664
26.8,-0.019248542,0.007612431
26.9,-0.019018881,0.007534199
27,-0.018791411,0.007456064
27.1,-0.018608131,0.007379902
27.2,-0.018427318,0.007303691
27.3,-0.018261784,0.007227175
27.4,-0.018096249,0.007150659
27.5,-0.017930714,0.007074143
27.6,-0.017764278,0.006997979
27.7,-0.017581714,0.006928114
27.8,-0.017391873,0.006866263
27.9,-0.01719907,0.006807673
28,-0.017006558,0.006750882
28.1,-0.016814375,0.00669612
28.2,-0.016622193,0.006641358
28.3,-0.016437284,0.006588893
28.4,-0.016273349,0.006542031
28.5,-0.016120843,0.006498205
28.6,-0.015968337,0.00645438
28.7,-0.01581583,0.006410554
28.8,-0.015663324,0.006366728
28.9,-0.015510818,0.006322903
29,-0.015356232,0.006257281
29.1,-0.015189586,0.006190868
29.2,-0.015023629,0.006122996
29.3,-0.014857672,0.006055125
29.4,-0.014691715,0.005987253
29.5,-0.01451932,0.005906365
29.6,-0.014345669,0.005822937
29.7,-0.014172018,0.005739509
29.8,-0.013994943,0.005667821
29.9,-0.013814986,0.005606017
30,-0.013664141,0.005532719
30.1,-0.013513373,0.00545939
30.2,-0.013362605,0.005386061
30.3,-0.013220202,0.005320041
30.4,-0.013096843,0.005288038
30.5,-0.012980819,0.005268666
30.6,-0.012864795,0.005249293
30.7,-0.01274877,0.00522992
30.8,-0.012632746,0.005210548
30.9,-0.012516721,0.005191175
31,-0.01239699,0.005148057
31.1,-0.012276289,0.005098726
31.2,-0.012155588,0.005049396
31.3,-0.012015716,0.004969232
31.4,-0.011876659,0.004892649
31.5,-0.011745324,0.004841674
31.6,-0.011610412,0.004797023
31.7,-0.0114755,0.004752371
31.8,-0.011341788,0.00470633
31.9,-0.011218516,0.004648184
32,-0.011095244,0.004590039
32.1,-0.010971576,0.00453775
32.2,-0.010847778,0.004487391
32.3,-0.01072398,0.004437033
32.4,-0.010615077,0.004395832
32.5,-0.010515801,0.004360551
32.6,-0.010416526,0.00432527
32.7,-0.010310077,0.004293876
32.8,-0.010200637,0.004264103
32.9,-0.010088554,0.00422926
33,-0.009971335,0.004184562
33.1,-0.009854116,0.004139863
33.2,-0.009757876,0.004105271
33.3,-0.009667441,0.004073476
33.4,-0.00956949,0.004035264
33.5,-0.009469793,0.00399556
33.6,-0.009367204,0.003952959
33.7,-0.009264507,0.003910005
33.8,-0.009169166,0.00385905
33.9,-0.009073825,0.003808094
34,-0.008979952,0.003765011
34.1,-0.00888608,0.003721931
34.2,-0.008792207,0.003678851
34.3,-0.008689631,0.003646997
34.4,-0.008585378,0.003611721
34.5,-0.008481125,0.003576445
34.6,-0.008376871,0.003541169
34.7,-0.008272393,0.003504568
34.8,-0.008192576,0.003482249
34.9,-0.008115382,0.003463207
35,-0.008036762,0.003442603
35.1,-0.007958143,0.003421999
35.2,-0.007879523,0.003401395
35.3,-0.007795575,0.003366285
35.4,-0.007711246,0.003337388
35.5,-0.007649695,0.003304003
35.6,-0.007586453,0.003269981
35.7,-0.007512671,0.003231993
35.8,-0.00743889,0.003194005
35.9,-0.007360973,0.003154408
36,-0.007265249,0.003107887
36.1,-0.007169811,0.003061661
36.2,-0.00709362,0.003035406
36.3,-0.007017429,0.00300915
36.4,-0.006941465,0.002982781
36.5,-0.006871522,0.00295341
36.6,-0.00680158,0.00292404
36.7,-0.00673067,0.002895076
36.8,-0.006659048,0.002866411
36.9,-0.006587427,0.002837746
37,-0.006515681,0.002813483
37.1,-0.00644369,0.002797869
37.2,-0.0063717,0.002782255
37.3,-0.006298011,0.002758824
37.4,-0.006223734,0.00273268
37.5,-0.006149456,0.002706536
37.6,-0.006075178,0.002680392
37.7,-0.006008626,0.0026517
37.8,-0.005946783,0.002623199
37.9,-0.00588494,0.002594699
38,-0.005823097,0.002566198
38.1,-0.005761311,0.002537684
38.2,-0.005701766,0.002510431
38.3,-0.00565046,0.002490378
38.4,-0.005599428,0.002471212
38.5,-0.005548396,0.002452046
38.6,-0.005495805,0.002431354
38.7,-0.005435162,0.002400102
38.8,-0.00537452,0.002368849
38.9,-0.00531268,0.00233896
39,-0.005253691,0.002312952
39.1,-0.005200079,0.002293877
39.2,-0.005145536,0.002275889
39.3,-0.005090013,0.002259047
39.4,-0.005034585,0.002242249
39.5,-0.004982421,0.002224427
39.6,-0.004929416,0.002204797
39.7,-0.004876412,0.002185167
39.8,-0.004823407,0.002165537
39.9,-0.004769968,0.002145781
40,-0.004716101,0.002125903
40.1,-0.004662235,0.002106025
40.2,-0.00460864,0.002086427
40.3,-0.004559275,0.00206454
40.4,-0.004512671,0.002042929
40.5,-0.004466068,0.002021319
40.6,-0.004419464,0.001999708
40.7,-0.004380632,0.001979641
40.8,-0.004342694,0.001959752
40.9,-0.004301817,0.00194099
41,-0.00425834,0.001923223
41.1,-0.004214864,0.001905457
41.2,-0.004171388,0.00188769
41.3,-0.004127912,0.001869923
41.4,-0.00408111,0.001854786
41.5,-0.004032815,0.001841355
41.6,-0.00398452,0.001827924
41.7,-0.003936225,0.001814493
41.8,-0.00388793,0.001801061
41.9,-0.003847357,0.001782189
42,-0.003808751,0.00176193
42.1,-0.003770145,0.00174167
42.2,-0.003731552,0.001722667
42.3,-0.003693002,0.00170826
42.4,-0.00365145,0.001691721
42.5,-0.003610982,0.001678657
42.6,-0.003570514,0.001665593
42.7,-0.003530047,0.00165253
42.8,-0.003489579,0.001639466
42.9,-0.003449806,0.001626185
43,-0.003418205,0.001610422
43.1,-0.003386819,0.001594596
43.2,-0.003355433,0.00157877
43.3,-0.003324047,0.001562944
43.4,-0.003292661,0.001547118
43.5,-0.003261275,0.001531293
43.6,-0.003226891,0.001517896
43.7,-0.003192044,0.001504904
43.8,-0.003154062,0.001491934
43.9,-0.003115055,0.001478978
44,-0.003076048,0.001466021
44.1,-0.003039416,0.001453243
44.2,-0.003009438,0.001440961
44.3,-0.00297946,0.00142868
44.4,-0.002949483,0.001416399
44.5,-0.002918918,0.001405309
44.6,-0.002889264,0.001393939
44.7,-0.002859077,0.001381237
44.8,-0.002828828,0.001368446
44.9,-0.002798579,0.001355655
45,-0.002767888,0.001342625
45.1,-0.002735166,0.001328487
45.2,-0.002703193,0.001314787
45.3,-0.002673924,0.001302667
45.4,-0.002644677,0.001290547
45.5,-0.0026184,0.001278431
45.6,-0.002592347,0.001266797
45.7,-0.002567841,0.001258509
45.8,-0.002543334,0.001250222
45.9,-0.00251729,0.001238778
46,-0.002490329,0.001225454
46.1,-0.002462013,0.001214486
46.2,-0.002433373,0.001204085
46.3,-0.002406359,0.001193049
46.4,-0.002381792,0.001181058
46.5,-0.002357225,0.001169066
46.6,-0.002331274,0.001161265
46.7,-0.002305288,0.001153566
46.8,-0.002281676,0.001146599
46.9,-0.002258089,0.00113964
47,-0.002234503,0.001132681
47.1,-0.002210913,0.001125722
47.2,-0.002186941,0.001118805
47.3,-0.002163964,0.001106868
47.4,-0.002142293,0.001093939
47.5,-0.002120623,0.001081011
47.6,-0.002099133,0.001068269
47.7,-0.002077732,0.001055619
47.8,-0.002054358,0.001046758
47.9,-0.002030968,0.00103906
48,-0.002007637,0.001031111
48.1,-0.001984305,0.001023162
48.2,-0.001960973,0.001015213
48.3,-0.001937714,0.001009902
48.4,-0.001922051,0.001000297
48.5,-0.001906388,0.000990692
48.6,-0.001889058,0.000982414
48.7,-0.001871698,0.00097416
48.8,-0.001853565,0.000966348
48.9,-0.001834249,0.000959214
49,-0.001813744,0.000951403
49.1,-0.001792848,0.000943368
49.2,-0.001772611,0.000935338
49.3,-0.001755954,0.000927326
49.4,-0.001739296,0.000919314
49.5,-0.001722639,0.000911302
49.6,-0.001705667,0.00090342
49.7,-0.001688068,0.000895794
49.8,-0.00167042,0.000888744
49.9,-0.001651222,0.000882263
50,-0.00163069,0.000875445
50.1,-0.001607616,0.000867573
50.2,-0.001584815,0.000859771
50.3,-0.001569148,0.000853762
50.4,-0.001553482,0.000847753
50.5,-0.001537638,0.000840743
50.6,-0.001521707,0.000833236
50.7,-0.001507574,0.000827259
50.8,-0.001494499,0.00082218
50.9,-0.001481424,0.000817102
51,-0.001468349,0.000812024
51.1,-0.001455273,0.000806946
51.2,-0.001442198,0.000801868
51.3,-0.001428976,0.000796772
51.4,-0.001413887,0.00079144
51.5,-0.001398582,0.000785815
51.6,-0.001383147,0.000780064
51.7,-0.001364469,0.000771161
51.8,-0.001346607,0.000762632
51.9,-0.001331905,0.000755555
52,-0.001317046,0.000748401
52.1,-0.001301764,0.000741041
52.2,-0.001286482,0.00073368
52.3,-0.001273398,0.000727205
52.4,-0.001260377,0.000720754
52.5,-0.0012474,0.00071578
52.6,-0.001234435,0.000711252
52.7,-0.001222038,0.000706294
52.8,-0.001210708,0.000700533
52.9,-0.001199377,0.000694772
53,-0.00118717,0.00068945
53.1,-0.001174921,0.00068415
53.2,-0.001162671,0.000678849
53.3,-0.001151004,0.000673848
53.4,-0.00114008,0.000669228
53.5,-0.001129156,0.000664607
53.6,-0.001118232,0.000659987
53.7,-0.001107308,0.000655367
53.8,-0.001096383,0.000650746
53.9,-0.001084311,0.000644842
54,-0.001071734,0.000639663
54.1,-0.001058801,0.000635207
54.2,-0.001045869,0.000630751
54.3,-0.001032936,0.000626295
54.4,-0.001020649,0.000621445
54.5,-0.001010252,0.000617167
54.6,-0.000999885,0.000612959
54.7,-0.000989518,0.000608751
54.8,-0.000979152,0.000604543
54.9,-0.000969295,0.000601153
55,-0.00095907,0.00059584
55.1,-0.000949183,0.00059075
55.2,-0.000939296,0.00058566
55.3,-0.000929408,0.000580571
55.4,-0.000919912,0.000577724
55.5,-0.000910688,0.000574997
55.6,-0.000901866,0.000570731
55.7,-0.000893045,0.000566465
55.8,-0.000884223,0.000562199
55.9,-0.000875402,0.000557932
56,-0.000866358,0.000553693
56.1,-0.00085659,0.000549778
56.2,-0.000846483,0.000546157
56.3,-0.000836376,0.000542536
56.4,-0.000826786,0.000538728
56.5,-0.00081969,0.000534017
56.6,-0.000812594,0.000529307
56.7,-0.000805482,0.000524656
56.8,-0.000798351,0.000520074
56.9,-0.000790606,0.000516983
57,-0.00078254,0.000514669
57.1,-0.000774473,0.000512356
57.2,-0.000765545,0.000508933
57.3,-0.000756293,0.000505061
57.4,-0.000747239,0.000501327
57.5,-0.000738522,0.000497652
57.6,-0.000730989,0.000494188
57.7,-0.000723456,0.000490723
57.8,-0.000715923,0.000487259
57.9,-0.00070839,0.000483794
58,-0.000701131,0.000480783
58.1,-0.000694569,0.000478253
58.2,-0.000688141,0.000475803
58.3,-0.000681714,0.000473352
58.4,-0.000675286,0.000470901
58.5,-0.000668901,0.000468423
58.6,-0.000662049,0.00046471
58.7,-0.000654976,0.000461518
58.8,-0.000647903,0.000458327
58.9,-0.000640831,0.000455135
59,-0.000633064,0.00045152
59.1,-0.00062511,0.000447859
59.2,-0.0006176,0.000445258
59.3,-0.000611761,0.000441913
59.4,-0.000606275,0.00043841
59.5,-0.000600924,0.000435325
59.6,-0.000595609,0.000432429
59.7,-0.00058976,0.000430262
59.8,-0.000583911,0.000428096
59.9,-0.000578063,0.000425929
60,-0.000572214,0.000423763
60.1,-0.000566337,0.000421105
60.2,-0.00056046,0.000418332
60.3,-0.000554582,0.000415559
60.4,-0.000548704,0.000412786
60.5,-0.000542826,0.000410014
60.6,-0.000537112,0.000407357
60.7,-0.00053196,0.000405099
60.8,-0.000526807,0.000402842
60.9,-0.000521655,0.000400584
61,-0.000516503,0.000398326
61.1,-0.000511351,0.000396068
61.2,-0.000506405,0.000393689
61.3,-0.0005014,0.000391365
61.4,-0.000496019,0.000389298
61.5,-0.000490637,0.000387231
61.6,-0.000485249,0.000385149
61.7,-0.000480177,0.000383116
61.8,-0.000475937,0.000380953
61.9,-0.000471674,0.000378709
62,-0.000467411,0.000376466
62.1,-0.000463147,0.000374222
62.2,-0.000458832,0.000371872
62.3,-0.000454483,0.000369454
62.4,-0.000450134,0.000367037
62.5,-0.000445636,0.000364667
62.6,-0.000440319,0.000362563
62.7,-0.000435002,0.000360459
62.8,-0.000430353,0.000358424
62.9,-0.000426031,0.000356425
63,-0.000421709,0.000354425
63.1,-0.000417387,0.000352425
63.2,-0.000413125,0.00035047
63.3,-0.000409098,0.000348378
63.4,-0.000405033,0.000346312
63.5,-0.000400967,0.000344245
63.6,-0.00039693,0.000342172
63.7,-0.000393369,0.00033999
63.8,-0.000389508,0.000337962
63.9,-0.000385136,0.000336198
64,-0.000380764,0.000334434
64.1,-0.000376842,0.000332907
64.2,-0.000373083,0.000331465
64.3,-0.000369325,0.000330024
64.4,-0.000365614,0.000328575
64.5,-0.000362081,0.00032716
64.6,-0.000358522,0.00032574
64.7,-0.000354987,0.000324247
64.8,-0.000351452,0.000322754
64.9,-0.000347918,0.000321262
65,-0.000344072,0.000319565
65.1,-0.000340953,0.000317537
65.2,-0.000338026,0.00031566
65.3,-0.000335098,0.000313784
65.4,-0.000332171,0.000311907
65.5,-0.000329243,0.00031003
65.6,-0.000326296,0.000308121
65.7,-0.000323298,0.000306126
65.8,-0.000319836,0.000304877
65.9,-0.000316139,0.000303568
66,-0.000312442,0.000302258
66.1,-0.000309019,0.000300692
66.2,-0.000305815,0.000298919
66.3,-0.00030263,0.000297055
66.4,-0.000299451,0.00029516
66.5,-0.000296635,0.000293687
66.6,-0.000294115,0.00029256
66.7,-0.000291596,0.000291433
66.8,-0.000289077,0.000290307
66.9,-0.000286557,0.00028918
67,-0.00028401,0.000288073
67.1,-0.000281156,0.000286406
67.2,-0.000278031,0.000284814
67.3,-0.000274905,0.000283223
67.4,-0.00027178,0.000281631
67.5,-0.000268968,0.000280237
67.6,-0.00026635,0.000278963
67.7,-0.000263819,0.000277601
67.8,-0.000261416,0.000276134
67.9,-0.000259062,0.000274706
68,-0.000256708,0.000273278
68.1,-0.000254355,0.000271849
68.2,-0.00025181,0.000270553
68.3,-0.000249259,0.000269261
68.4,-0.000246799,0.000267978
68.5,-0.000244451,0.000266706
68.6,-0.000242097,0.000265466
68.7,-0.000239729,0.000264304
68.8,-0.00023746,0.000263239
68.9,-0.000235216,0.000262198
69,-0.000232971,0.000261156
69.1,-0.000230727,0.000260115
69.2,-0.000228439,0.000258704
69.3,-0.000226151,0.00025729
69.4,-0.000223905,0.000255994
69.5,-0.000221727,0.000254889
69.6,-0.000219718,0.000253716
69.7,-0.00021779,0.000252509
69.8,-0.000215862,0.000251302
69.9,-0.000214028,0.000250271
70,-0.000212231,0.000249312
70.1,-0.000210398,0.000248299
70.2,-0.000208565,0.000247286
70.3,-0.000206675,0.000246232
70.4,-0.000204611,0.000245053
70.5,-0.000202444,0.000244059
70.6,-0.000200241,0.00024313
70.7,-0.000198031,0.000242093
70.8,-0.000195816,0.000240967
70.9,-0.000193816,0.000239842
71,-0.000192115,0.000238907
71.1,-0.00019041,0.000238345
71.2,-0.000188706,0.000237783
71.3,-0.00018708,0.000237083
71.4,-0.000185476,0.000236211
71.5,-0.000183797,0.000234863
71.6,-0.000182119,0.000233515
71.7,-0.00018044,0.000232167
71.8,-0.000178723,0.00023088
71.9,-0.00017708,0.000229801
72,-0.000175627,0.000228874
72.1,-0.000174142,0.000228077
72.2,-0.000172656,0.000227279
72.3,-0.000171171,0.000226481
72.4,-0.000169685,0.000225683
72.5,-0.000168082,0.000224949
72.6,-0.000166337,0.000224291
72.7,-0.000164645,0.000223486
72.8,-0.000162986,0.000222585
72.9,-0.000161327,0.000221684
73,-0.000160015,0.000220808
73.1,-0.000158781,0.000219938
73.2,-0.000157548,0.000219068
73.3,-0.000156314,0.000218198
73.4,-0.00015498,0.00021728
73.5,-0.000153439,0.000216325
73.6,-0.000151897,0.00021537
73.7,-0.000150355,0.000214415
73.8,-0.00014883,0.000213476
73.9,-0.000147574,0.000212706
74,-0.000146316,0.000211932
74.1,-0.000145058,0.000211159
74.2,-0.0001438,0.000210386
74.3,-0.000142541,0.000209611
74.4,-0.000141264,0.00020879
74.5,-0.000140009,0.000208006
74.6,-0.000138785,0.000207277
74.7,-0.000137562,0.000206548
74.8,-0.000136339,0.00020582
74.9,-0.000135137,0.000205039
75,-0.000133939,0.000204252
75.1,-0.000132764,0.000203539
75.2,-0.000131589,0.000202827
75.3,-0.000130414,0.000202114
75.4,-0.000129236,0.000201366
75.5,-0.000128069,0.000200614
75.6,-0.000127001,0.000199841
75.7,-0.000125933,0.000199068
75.8,-0.000124849,0.000198329
75.9,-0.000123757,0.000197603
76,-0.00012269,0.000196948
76.1,-0.000121635,0.000196325
76.2,-0.00012058,0.000195703
76.3,-0.000119526,0.00019508
76.4,-0.000118474,0.000194446
76.5,-0.000117402,0.000193688
76.6,-0.000116395,0.000192987
76.7,-0.000115387,0.000192287
76.8,-0.000114379,0.000191586
76.9,-0.000113372,0.000190885
77,-0.000112436,0.000190182
77.1,-0.000111529,0.000189478
77.2,-0.000110621,0.000188773
77.3,-0.0001097,0.000188137
77.4,-0.000108778,0.000187508
77.5,-0.000107836,0.000186904
77.6,-0.000106871,0.00018633
77.7,-0.000105906,0.000185753
77.8,-0.000104935,0.000185088
77.9,-0.000103981,0.000184339
78,-0.000103053,0.000183632
78.1,-0.000102124,0.000182926
78.2,-0.000101254,0.00018229
78.3,-0.000100408,0.000181679
78.4,-0.00009971,0.000181128
78.5,-0.000099013,0.000180576
78.6,-0.000098316,0.000180024
78.7,-0.000097619,0.000179472
78.8,-0.000096922,0.00017892
78.9,-0.000096143,0.000178366
79,-0.000095297,0.000177808
79.1,-0.000094452,0.000177251
79.2,-0.000093606,0.000176694
79.3,-0.000092829,0.000176112
79.4,-0.00009207,0.000175524
79.5,-0.000091361,0.000174968
79.6,-0.000090683,0.000174431
79.7,-0.000089998,0.000173984
79.8,-0.000089311,0.000173563
79.9,-0.000088625,0.000173142
80,-0.000087792,0.000172517
80.1,-0.000086939,0.000171845
80.2,-0.000086169,0.000171168
80.3,-0.000085411,0.000170489
80.4,-0.000084711,0.000169796
80.5,-0.000084046,0.0001692
80.6,-0.000083444,0.00016879
80.7,-0.000082843,0.00016838
80.8,-0.000082242,0.00016797
80.9,-0.000081694,0.000167571
81,-0.000081153,0.000167174
81.1,-0.000080519,0.000166707
81.2,-0.000079844,0.000166099
81.3,-0.000079243,0.000165559
81.4,-0.000078654,0.000165055
81.5,-0.000078065,0.000164551
81.6,-0.000077477,0.000164047
81.7,-0.000076888,0.000163543
81.8,-0.0000763,0.000163023
81.9,-0.00007571,0.000162512
82,-0.00007512,0.000162003
82.1,-0.000074529,0.000161494
82.2,-0.00007394,0.000160958
82.3,-0.000073352,0.000160412
82.4,-0.000072756,0.000159858
82.5,-0.000072051,0.000159207
82.6,-0.00007153,0.000158798
82.7,-0.00007101,0.000158389
82.8,-0.000070489,0.00015798
82.9,-0.000069969,0.000157571
83,-0.000069448,0.000157161
83.1,-0.000068975,0.000156754
83.2,-0.00006854,0.000156347
83.3,-0.000068052,0.000155913
83.4,-0.000067506,0.000155448
83.5,-0.000066959,0.000154982
83.6,-0.000066418,0.000154509
83.7,-0.000065902,0.000154002
83.8,-0.000065386,0.000153495
83.9,-0.000064871,0.000152995
84,-0.000064359,0.000152529
84.1,-0.000063961,0.000152029
84.2,-0.00006357,0.000151527
84.3,-0.000063178,0.000151026
84.4,-0.000062787,0.000150533
84.5,-0.000062396,0.000150058
84.6,-0.00006193,0.000149656
84.7,-0.000061427,0.000149235
84.8,-0.000060958,0.00014885
84.9,-0.000060489,0.000148466
85,-0.000060096,0.000148073
85.1,-0.00005973,0.000147679
85.2,-0.000059363,0.000147284
85.3,-0.000058912,0.000146899
85.4,-0.000058471,0.000146511
85.5,-0.000058116,0.000146098
85.6,-0.000057756,0.000145684
85.7,-0.000057361,0.00014527
85.8,-0.000056966,0.000144857
85.9,-0.000056572,0.000144443
86,-0.000056182,0.000144103
86.1,-0.000055793,0.000143783
86.2,-0.000055404,0.000143462
86.3,-0.000054999,0.000143079
86.4,-0.000054594,0.000142685
86.5,-0.000054187,0.000142263
86.6,-0.000053781,0.00014184
86.7,-0.000053394,0.000141417
86.8,-0.000053007,0.000140994
86.9,-0.000052651,0.000140606
87,-0.000052322,0.000140245
87.1,-0.000051992,0.000139885
87.2,-0.000051672,0.000139513
87.3,-0.000051352,0.00013914
87.4,-0.000051011,0.000138745
87.5,-0.000050648,0.000138324
87.6,-0.000050284,0.000137904
87.7,-0.000049918,0.000137506
87.8,-0.000049551,0.000137128
87.9,-0.00004919,0.000136733
88,-0.000048863,0.000136332
88.1,-0.000048561,0.000135996
88.2,-0.00004826,0.000135659
88.3,-0.000047958,0.000135322
88.4,-0.000047654,0.000134981
88.5,-0.000047363,0.000134653
88.6,-0.000047108,0.000134342
88.7,-0.000046862,0.000134018
88.8,-0.000046617,0.000133694
88.9,-0.000046372,0.00013337
89,-0.000046127,0.000133046
89.1,-0.000045882,0.000132722
89.2,-0.000045637,0.000132397
89.3,-0.000045309,0.000131983
89.4,-0.000044944,0.000131537
89.5,-0.000044579,0.000131092
89.6,-0.000044222,0.000130667
89.7,-0.000043913,0.000130345
89.8,-0.000043645,0.000129986
89.9,-0.000043377,0.000129628
90,-0.000043109,0.00012927
90.1,-0.00004284,0.000128913
90.2,-0.000042588,0.000128573
90.3,-0.000042349,0.000128252
90.4,-0.000042111,0.000127937
90.5,-0.000041872,0.000127622
90.6,-0.000041625,0.00012731
90.7,-0.000041364,0.000127004
90.8,-0.000041053,0.000126663
90.9,-0.000040733,0.000126315
91,-0.000040413,0.000125967
91.1,-0.000040206,0.000125607
91.2,-0.000040004,0.000125248
91.3,-0.000039802,0.000124888
91.4,-0.0000396,0.000124528
91.5,-0.000039344,0.000124189
91.6,-0.000039058,0.000123902
91.7,-0.00003877,0.000123618
91.8,-0.000038482,0.000123335
91.9,-0.000038231,0.000123042
92,-0.00003805,0.000122729
92.1,-0.000037865,0.000122416
92.2,-0.000037675,0.000122101
92.3,-0.000037485,0.000121776
92.4,-0.000037261,0.000121451
92.5,-0.000037038,0.000121127
92.6,-0.000036815,0.000120802
92.7,-0.000036589,0.000120489
92.8,-0.000036358,0.000120194
92.9,-0.000036128,0.000119899
93,-0.000035907,0.000119595
93.1,-0.000035686,0.000119291
93.2,-0.000035466,0.000118987
93.3,-0.000035246,0.000118672
93.4,-0.000035026,0.000118354
93.5,-0.000034807,0.000118035
93.6,-0.000034587,0.000117714
93.7,-0.000034366,0.00011737
93.8,-0.000034155,0.000117063
93.9,-0.000033951,0.000116781
94,-0.000033752,0.00011649
94.1,-0.000033552,0.0001162
94.2,-0.000033353,0.00011591
94.3,-0.000033153,0.000115611
94.4,-0.000032954,0.000115308
94.5,-0.000032755,0.000115005
94.6,-0.000032556,0.000114701
94.7,-0.000032357,0.000114398
94.8,-0.000032168,0.000114105
94.9,-0.000031989,0.000113805
95,-0.00003181,0.000113505
95.1,-0.000031632,0.000113205
95.2,-0.000031442,0.000112906
95.3,-0.000031235,0.00011261
95.4,-0.000031028,0.000112315
95.5,-0.000030805,0.000112006
95.6,-0.000030633,0.000111747
95.7,-0.000030463,0.000111489
95.8,-0.000030292,0.000111231
95.9,-0.000030119,0.000110972
96,-0.000029939,0.000110708
96.1,-0.00002976,0.000110444
96.2,-0.00002958,0.000110181
96.3,-0.000029342,0.000109888
96.4,-0.000029139,0.000109589
96.5,-0.000028956,0.000109285
96.6,-0.000028773,0.000108982
96.7,-0.00002859,0.000108679
96.8,-0.000028401,0.000108395
96.9,-0.000028208,0.000108123
97,-0.00002804,0.000107865
97.1,-0.000027876,0.00010761
97.2,-0.000027712,0.000107355
97.3,-0.000027559,0.000107092
97.4,-0.000027409,0.000106826
97.5,-0.000027259,0.000106561
97.6,-0.000027109,0.000106296
97.7,-0.00002696,0.000106032
97.8,-0.000026735,0.000105751
97.9,-0.000026509,0.00010547
98,-0.000026284,0.00010519
98.1,-0.000026059,0.000104922
98.2,-0.000025859,0.000104671
98.3,-0.000025692,0.000104433
98.4,-0.000025538,0.00010418
98.5,-0.000025393,0.000103918
98.6,-0.000025246,0.000103652
98.7,-0.000025092,0.000103377
98.8,-0.000024939,0.000103101
98.9,-0.000024777,0.000102827
99,-0.000024592,0.000102558
99.1,-0.000024407,0.000102288
99.2,-0.000024216,0.000102022
99.3,-0.000024025,0.000101756
99.4,-0.000023833,0.000101496
99.5,-0.00002364,0.000101241
99.6,-0.00002346,0.000100976
99.7,-0.000023287,0.000100705
99.8,-0.000023113,0.000100434
99.9,-0.000022944,0.000100181
100,-0.000022778,0.000099946
